2024-03-01 00:58:14,3761,0,0,0,0,0,0,0,0
2024-03-01 01:58:14,3760,0,0,0,0,0,0,0,0
2024-03-01 02:58:14,3715,3660,207,0,0,0,0,0,0
2024-03-01 03:58:14,3619,3558,146,0,0,0,0,0,0
2024-03-01 04:58:14,3725,3680,146,0,0,0,0,0,0
2024-03-01 05:58:14,3731,3584,186,0,0,0,0,0,0
2024-03-01 06:58:14,3750,3701,223,3664,61,0,0,0,0
2024-03-01 07:58:14,3736,3670,164,3654,49,0,0,0,0
2024-03-01 08:58:14,3757,3706,190,3683,46,0,0,0,0
2024-03-01 09:58:14,3736,3668,205,3563,38,0,0,0,0
2024-03-01 10:58:14,3754,3700,146,3672,44,0,0,0,0
2024-03-01 11:58:14,3706,3658,128,3614,40,0,0,0,0
2024-03-01 12:58:14,3749,3705,197,3680,39,3633,26,0,0
2024-03-01 13:58:14,3753,3673,204,3676,41,3642,27,0,0
2024-03-01 14:58:14,3762,3712,120,3710,36,3671,27,0,0
2024-03-01 15:58:14,3759,3717,108,3709,38,3570,23,0,0
2024-03-01 16:58:14,3740,3697,172,3689,42,3655,25,0,0
2024-03-01 17:58:14,3744,3692,123,3643,37,3630,23,0,0
2024-03-01 18:58:14,3774,3704,100,3713,34,3690,22,0,0
2024-03-01 19:58:14,3758,3693,189,3695,33,3664,22,0,0
2024-03-01 20:58:14,3779,3730,178,3718,42,3707,23,0,0
2024-03-01 21:58:14,3782,3731,100,3732,35,3711,18,0,0
2024-03-01 22:58:14,3754,3726,91,3684,32,3691,21,0,0
2024-03-01 23:58:14,3744,3716,159,3683,46,3641,22,0,0
2024-03-02 00:58:14,3721,3677,107,3672,39,3658,22,3601,16
2024-03-02 01:58:14,3752,3685,93,3682,35,3666,26,3604,18
2024-03-02 02:58:14,3794,3667,178,3681,34,3650,28,3611,18
2024-03-02 03:58:14,3805,3703,232,3694,46,3672,29,3516,17
2024-03-02 04:58:14,3840,3763,215,3682,41,3657,26,3629,18
2024-03-02 05:58:14,3828,3768,160,3671,43,3654,32,3609,19
2024-03-02 06:58:14,3855,3797,245,3672,52,3662,32,3632,18
2024-03-02 07:58:14,3847,3761,162,3687,44,3655,26,3606,17
2024-03-02 08:58:14,3869,3793,160,3730,43,3680,29,3643,19
2024-03-02 09:58:14,3885,3789,228,3743,46,3698,29,3663,17
2024-03-02 10:58:14,3898,3812,245,3780,52,3694,32,3674,19
2024-03-02 11:58:14,3913,3849,133,3777,44,3702,30,3646,20
2024-03-02 12:58:14,3872,3831,131,3773,43,3639,29,3649,22
2024-03-02 13:58:14,3926,3860,211,3796,53,3695,30,3680,20
2024-03-02 14:58:14,3938,3838,182,3818,54,3748,30,3693,22
2024-03-02 15:58:14,3951,3889,117,3845,43,3776,33,3706,22
2024-03-02 16:58:14,3924,3881,196,3842,40,3776,29,3661,21
2024-03-02 17:58:14,3930,3899,211,3853,46,3766,32,3674,22
2024-03-02 18:58:14,3921,3882,112,3816,36,3793,30,3680,21
2024-03-02 19:58:14,3946,3900,110,3885,44,3808,30,3707,21
2024-03-02 20:58:14,3940,3880,185,3898,52,3816,28,3719,23
2024-03-02 21:58:14,3931,3902,194,3900,50,3834,30,3711,21
2024-03-02 22:58:14,3938,3896,113,3883,39,3848,29,3700,23
2024-03-02 23:58:14,3920,3882,166,3874,37,3838,30,3683,25
2024-03-03 00:58:14,3943,3903,200,3880,49,3828,31,3675,23
2024-03-03 01:58:14,3934,3877,129,3889,44,3863,31,3687,24
2024-03-03 02:58:14,3936,3901,108,3893,39,3887,30,3741,22
2024-03-03 03:58:14,3938,3892,212,3891,48,3895,32,3753,25
2024-03-03 04:58:14,3937,3896,204,3894,53,3875,30,3778,24
2024-03-03 05:58:14,3915,3862,154,3839,47,3839,28,3724,25
2024-03-03 06:58:14,3752,3687,179,3698,50,3667,27,3602,24
2024-03-03 07:58:14,3922,3861,246,3866,66,3872,28,3765,23
2024-03-03 08:58:14,3951,3866,218,3882,62,3860,25,3783,22
2024-03-03 09:58:14,3950,3882,188,3882,60,3874,27,3807,22
2024-03-03 10:58:14,3905,3875,253,3822,73,3830,25,3788,22
2024-03-03 11:58:14,3979,3915,262,3868,82,3874,27,3854,25
2024-03-03 12:58:14,3994,3896,132,3874,57,3910,25,3836,24
2024-03-03 13:58:14,3974,3930,208,3867,42,3877,29,3867,24
2024-03-03 14:58:14,3970,3939,222,3900,54,3886,26,3877,22
2024-03-03 15:58:14,3986,3923,137,3911,44,3897,27,3894,23
2024-03-03 16:58:14,3979,3912,103,3874,41,3879,26,3871,20
2024-03-03 17:58:14,3983,3940,188,3927,39,3862,26,3875,20
2024-03-03 18:58:14,3987,3940,189,3944,43,3855,25,3869,19
2024-03-03 19:58:14,4000,3947,114,3923,38,3873,22,3895,21
2024-03-03 20:58:14,4022,3945,164,3914,40,3907,30,3882,20
2024-03-03 21:58:14,4016,3960,204,3941,45,3908,25,3886,18
2024-03-03 22:58:14,4017,3978,155,3941,41,3875,22,3889,19
2024-03-03 23:58:14,4009,3969,123,3933,43,3921,23,3863,18
2024-03-04 00:58:14,4019,3969,214,3942,45,3945,26,3897,16
2024-03-04 01:58:14,4010,3966,259,3947,53,3919,24,3875,18
2024-03-04 02:58:14,4027,3990,169,3979,53,3912,27,3891,19
2024-03-04 03:58:14,4037,3987,139,3995,51,3955,32,3908,21
2024-03-04 04:58:14,4011,3968,247,3956,58,3927,30,3872,19
2024-03-04 05:58:14,4038,3975,228,3971,54,3941,28,3865,20
2024-03-04 06:58:14,4036,3980,178,3983,48,3942,25,3856,17
2024-03-04 07:58:14,4012,3963,238,3957,51,3924,27,3844,16
2024-03-04 08:58:14,4052,4002,271,3985,71,3981,33,3912,20
2024-03-04 09:58:14,4035,3971,164,3964,54,3962,28,3899,17
2024-03-04 10:58:14,4026,3989,136,3961,50,3941,32,3862,17
2024-03-04 11:58:14,4039,3999,256,3979,53,3965,31,3925,15
2024-03-04 12:58:14,4044,3996,252,3996,51,3982,29,3942,19
2024-03-04 13:58:14,4042,3996,133,3968,49,3965,30,3912,17
2024-03-04 14:58:14,4004,3959,189,3966,42,3937,32,3878,18
2024-03-04 15:58:14,4022,3983,225,3982,55,3948,30,3913,19
2024-03-04 16:58:14,4038,3969,154,3988,48,3968,27,3929,19
2024-03-04 17:58:14,4024,3975,153,3978,51,3964,31,3916,17
2024-03-04 18:58:14,4017,3973,220,3966,56,3960,29,3908,15
2024-03-04 19:58:14,3998,3948,235,3950,61,3926,32,3903,17
2024-03-04 20:58:14,3991,3937,143,3917,51,3945,32,3917,19
2024-03-04 21:58:14,4012,3972,180,3960,54,3967,34,3942,19
2024-03-04 22:58:14,3991,3943,201,3952,65,3940,38,3908,21
2024-03-04 23:58:14,4010,3983,159,3956,56,3966,31,3935,20
2024-03-05 00:58:14,3994,3958,138,3936,52,3942,38,3925,19
2024-03-05 01:58:14,3995,3972,209,3954,55,3941,37,3919,21
2024-03-05 02:58:14,3986,3949,233,3929,61,3908,36,3907,22
2024-03-05 03:58:14,4010,3945,154,3964,55,3941,38,3915,22
2024-03-05 04:58:14,4011,3948,153,3952,53,3950,41,3923,23
2024-03-05 05:58:14,3882,3795,246,3806,54,3785,34,3776,21
2024-03-05 06:58:14,4029,3951,290,3939,66,3917,40,3915,24
2024-03-05 07:58:14,4046,3877,204,3945,61,3952,41,3925,27
2024-03-05 08:58:14,3951,3893,240,3855,49,3846,34,3853,27
2024-03-05 09:58:14,3975,3938,271,3875,64,3887,40,3868,26
2024-03-05 10:58:14,3934,3860,207,3846,62,3827,37,3821,29
2024-03-05 11:58:14,3945,3867,160,3796,47,3845,36,3832,26
2024-03-05 12:58:14,4023,3877,199,3950,75,3919,36,3908,29
2024-03-05 13:58:14,3873,3807,200,3823,60,3756,33,3758,27
2024-03-05 14:58:14,4010,3948,180,3885,62,3896,33,3873,28
2024-03-05 15:58:14,3967,3806,163,3844,66,3858,35,3852,30
2024-03-05 16:58:14,4018,3956,272,3858,72,3925,37,3905,29
2024-03-05 17:58:14,4004,3892,252,3872,62,3817,30,3877,26
2024-03-05 18:58:14,4030,3954,194,3947,72,3943,48,3896,27
2024-03-05 19:58:14,4035,3946,258,3862,50,3974,60,3917,28
2024-03-05 20:58:14,4052,3994,310,3977,87,3915,42,3912,28
2024-03-05 21:58:14,3990,3931,189,3863,65,3852,32,3875,26
2024-03-05 22:58:14,4049,4002,174,3969,64,3870,35,3920,26
2024-03-05 23:58:14,4036,3985,304,3945,79,3887,33,3918,24
2024-03-06 00:58:14,4032,3993,328,3971,89,3936,40,3907,26
2024-03-06 01:58:14,4015,3977,252,3958,73,3831,33,3880,25
2024-03-06 02:58:14,4033,3985,336,3977,69,3950,36,3901,23
2024-03-06 03:58:14,4037,3949,321,3966,99,3891,43,3889,24
2024-03-06 04:58:14,4045,3981,265,3987,77,3941,37,3916,25
2024-03-06 05:58:14,4064,4015,249,4001,84,3946,40,3837,26
2024-03-06 06:58:14,4060,3999,353,3982,94,3964,45,3929,28
2024-03-06 07:58:14,4069,4016,369,3956,95,3970,43,3961,29
2024-03-06 08:58:14,4072,4007,239,3977,65,3969,39,3884,27
2024-03-06 09:58:14,4074,4027,346,3996,71,3970,46,3886,27
2024-03-06 10:58:14,4073,4023,358,3993,96,3980,43,3851,26
2024-03-06 11:58:14,4068,4027,224,4008,84,3976,37,3871,27
2024-03-06 12:58:14,4069,4025,151,3999,59,3969,35,3932,25
2024-03-06 13:58:14,4078,4027,288,4025,81,3952,37,3846,23
2024-03-06 14:58:14,4070,4027,311,4009,90,3966,37,3941,29
2024-03-06 15:58:14,4072,4025,187,4015,79,3980,42,3892,28
2024-03-06 16:58:14,4108,4036,191,4028,70,3991,44,3950,26
2024-03-06 17:58:14,4121,4055,312,4041,101,4022,51,3942,27
2024-03-06 18:58:14,4086,4046,234,4010,74,3982,41,3942,31
2024-03-06 19:58:14,4108,4081,217,4038,76,4026,48,3966,29
2024-03-06 20:58:14,4077,4034,279,4005,77,3987,45,3943,27
2024-03-06 21:58:14,4093,4063,335,4024,99,3999,51,3953,33
2024-03-06 22:58:14,4106,4063,229,4064,93,4016,48,3975,31
2024-03-06 23:58:14,4079,4031,194,4050,96,3994,53,3946,28
2024-03-07 00:58:14,3674,3649,301,3628,106,3594,48,3544,28
2024-03-07 01:58:14,4085,4038,340,4053,110,4005,52,3924,28
2024-03-07 02:58:14,3964,3813,228,3911,95,3884,49,3826,28
2024-03-07 03:58:14,4079,4037,315,4030,85,4006,49,3958,29
2024-03-07 04:58:14,4070,3828,397,4041,119,4021,59,3948,34
2024-03-07 05:58:14,4058,4013,413,4011,111,4028,53,3956,32
2024-03-07 06:58:14,4087,4026,321,3923,103,4026,60,3970,29
2024-03-07 07:58:14,4106,4025,375,4049,105,4055,54,4000,30
2024-03-07 08:58:14,4121,4042,350,3830,101,4030,54,3976,32
2024-03-07 09:58:14,4147,4050,254,4031,92,4025,45,3980,30
2024-03-07 10:58:14,4155,4069,226,4031,89,4051,52,3986,30
2024-03-07 11:58:14,4174,4093,358,4010,102,4027,56,3990,30
2024-03-07 12:58:14,4166,4084,395,4018,102,3895,54,3970,32
2024-03-07 13:58:14,4164,4100,301,4022,85,4003,52,3964,30
2024-03-07 14:58:14,4205,4132,358,4059,77,3824,46,3997,30
2024-03-07 15:58:14,4225,4130,368,4102,105,4043,46,4012,30
2024-03-07 16:58:14,4226,4163,303,4109,91,4025,42,4030,30
2024-03-07 17:58:14,4219,4169,240,4120,102,3999,53,4033,31
2024-03-07 18:58:14,4237,4185,346,4136,119,4048,53,4030,30
2024-03-07 19:58:14,4215,4183,366,4108,107,4041,50,4028,31
2024-03-07 20:58:14,4237,4193,253,4169,101,4069,49,4033,28
2024-03-07 21:58:14,4234,4182,173,4179,91,4097,58,4033,28
2024-03-07 22:58:14,4240,4207,332,4189,115,4120,63,4056,27
2024-03-07 23:58:14,4209,4173,380,4166,125,4111,62,4004,28
2024-03-08 00:58:14,4250,4220,239,4207,108,4149,65,3933,26
2024-03-08 01:58:14,4232,4177,299,4182,103,4120,65,4038,28
2024-03-08 02:58:14,4232,4212,383,4195,128,4156,71,3827,28
2024-03-08 03:58:14,4225,4186,345,4190,114,4170,64,4027,26
2024-03-08 04:58:14,4230,4195,281,4196,109,4181,75,4019,29
2024-03-08 05:58:14,4234,4184,366,4168,115,4179,75,4003,32
2024-03-08 06:58:14,4244,4191,433,4214,130,4185,74,4039,34
2024-03-08 07:58:14,4225,4188,303,4171,115,4154,62,4027,31
2024-03-08 08:58:14,4258,4223,309,4198,111,4200,71,4062,32
2024-03-08 09:58:14,4229,4148,377,4144,131,4144,74,4047,38
2024-03-08 10:58:14,4258,4196,320,4161,106,4178,61,4087,37
2024-03-08 11:58:14,4265,4186,274,4185,107,4158,68,4113,39
2024-03-08 12:58:14,4274,4217,342,4202,113,4203,63,4124,39
2024-03-08 13:58:14,4245,4183,386,4150,122,4148,65,4086,40
2024-03-08 14:58:14,4265,4224,271,4192,102,4175,58,4141,38
2024-03-08 15:58:14,4276,4223,245,4178,103,4180,69,4160,37
2024-03-08 16:58:14,4245,4207,332,4189,115,4148,62,4146,38
2024-03-08 17:58:14,4266,4224,407,4198,106,4182,59,4167,38
2024-03-08 18:58:14,4273,4210,229,4227,93,4198,57,4172,35
2024-03-08 19:58:14,4247,4201,302,4195,83,4152,55,4143,33
2024-03-08 20:58:14,4242,4204,363,4202,105,4172,57,4155,35
2024-03-08 21:58:14,4267,4195,271,4226,92,4167,49,4176,32
2024-03-08 22:58:14,4266,4213,199,4206,89,4210,57,4180,30
2024-03-08 23:58:14,4256,4222,329,4214,110,4192,49,4147,31
2024-03-09 00:58:14,4254,4214,378,4207,114,4203,53,4180,30
2024-03-09 01:58:14,4271,4217,260,4191,105,4213,51,4170,28
2024-03-09 02:58:14,4270,4212,292,4191,99,4216,55,4163,30
2024-03-09 03:58:14,4232,4191,394,4171,117,4173,58,4130,29
2024-03-09 04:58:14,4244,4188,449,4172,114,4163,57,4117,32
2024-03-09 05:58:14,4312,4214,282,4215,108,4218,61,4179,30
2024-03-09 06:58:14,4300,4188,374,4199,122,4194,58,4169,33
2024-03-09 07:58:14,4316,4256,483,4211,136,4170,68,4150,32
2024-03-09 08:58:14,4343,4258,388,4217,122,4181,59,4169,31
2024-03-09 09:58:14,4320,4243,321,4175,113,4181,70,4130,31
2024-03-09 10:58:14,4342,4270,424,4189,140,4198,70,4185,32
2024-03-09 11:58:14,4323,4259,493,4232,156,4174,71,4159,31
2024-03-09 12:58:14,4324,4275,332,4231,148,4169,79,4169,32
2024-03-09 13:58:14,4350,4279,324,4258,138,4209,79,4190,32
2024-03-09 14:58:14,4347,4264,457,4273,162,4208,77,4200,34
2024-03-09 15:58:14,4362,4313,345,4291,132,4195,64,4208,32
2024-03-09 16:58:14,4372,4313,265,4301,127,4198,78,4188,32
2024-03-09 17:58:14,4376,4287,361,4252,107,4228,78,4178,38
2024-03-09 18:58:14,4398,4301,422,4258,119,4246,81,4189,37
2024-03-09 19:58:14,4405,4344,337,4304,106,4262,68,4165,32
2024-03-09 20:58:14,3927,3902,287,3834,100,3817,59,3722,29
2024-03-09 21:58:14,4412,4371,435,4308,145,4286,67,4197,34
2024-03-09 22:58:14,4416,3898,411,4315,138,4306,66,4207,36
2024-03-09 23:58:14,4396,4363,387,4332,135,4264,61,4184,36
2024-03-10 00:58:14,4410,4373,383,4380,138,4271,70,4199,35
2024-03-10 01:58:14,4414,4356,517,4372,211,4310,73,4211,39
2024-03-10 02:58:14,4382,4329,345,3867,111,4278,60,4180,30
2024-03-10 03:58:14,4414,4362,293,4370,141,4304,79,4184,31
2024-03-10 04:58:14,4411,4348,400,4366,132,4303,71,4185,33
2024-03-10 05:58:14,4412,4369,510,4340,149,4330,81,4238,38
2024-03-10 06:58:14,4410,4351,375,4341,120,4360,67,4233,32
2024-03-10 07:58:14,4409,4353,351,4346,119,4348,82,4241,34
2024-03-10 08:58:14,4430,4370,471,4342,141,3881,66,4266,37
2024-03-10 09:58:14,4441,4378,519,4377,157,4363,88,4272,39
2024-03-10 10:58:14,4447,4383,339,4360,135,4363,81,4293,36
2024-03-10 11:58:14,4413,4373,403,4333,129,4317,79,4244,34
2024-03-10 12:58:14,4400,4356,491,4324,148,4304,77,4216,44
2024-03-10 13:58:14,4449,4392,351,4373,131,4353,70,4291,38
2024-03-10 14:58:14,4449,4369,317,4369,106,4336,68,4291,41
2024-03-10 15:58:14,4456,4401,422,4398,148,4372,70,4294,46
2024-03-10 16:58:14,4463,4425,509,4408,152,4367,73,4303,47
2024-03-10 17:58:14,4455,4419,364,4390,125,4362,66,4332,44
2024-03-10 18:58:14,4450,4406,329,4358,109,4361,58,4354,43
2024-03-10 19:58:14,4436,4400,475,4376,130,4354,61,4334,48
2024-03-10 20:58:14,4455,4400,369,4400,119,4365,52,3872,38
2024-03-10 21:58:14,4494,4407,267,4420,119,4406,77,4367,47
2024-03-10 22:58:14,4503,4410,378,4405,124,4390,74,4349,40
2024-03-10 23:58:14,4512,4435,502,4415,148,4387,72,4343,44
2024-03-11 00:58:14,4527,4469,412,4413,135,4370,66,4354,41
2024-03-11 01:58:14,4526,4483,369,4405,126,4394,72,4352,43
2024-03-11 02:58:14,4491,4423,468,4369,145,4366,72,4294,37
2024-03-11 03:58:14,4557,4467,543,4425,157,4409,77,4363,43
2024-03-11 04:58:14,4544,4451,383,4435,128,4384,67,4331,37
2024-03-11 05:58:14,4584,4500,472,4469,135,4407,80,4353,40
2024-03-11 06:58:14,4567,4501,589,4447,173,4385,85,4344,37
2024-03-11 07:58:14,4575,4527,502,4458,156,4382,70,4355,33
2024-03-11 08:58:14,4579,4522,388,4448,142,4398,77,4358,33
2024-03-11 09:58:14,4590,4528,486,4503,171,4429,81,4390,42
2024-03-11 10:58:14,4597,4495,570,4469,194,4410,88,4353,48
2024-03-11 11:58:14,4640,4544,458,4537,161,4474,74,4383,38
2024-03-11 12:58:14,4636,4523,434,4519,143,4460,71,4360,36
2024-03-11 13:58:14,4599,4551,548,4479,174,4423,82,4344,42
2024-03-11 14:58:14,4617,4570,599,4513,186,4431,75,4380,41
2024-03-11 15:58:14,4615,4542,433,4512,154,4473,80,4382,42
2024-03-11 16:58:14,4621,4549,364,4498,140,4477,81,4378,42
2024-03-11 17:58:14,4627,4557,533,4566,167,4514,81,4388,44
2024-03-11 18:58:14,4626,4570,551,4573,195,4501,86,4382,49
2024-03-11 19:58:14,4613,4578,372,4533,155,4489,90,4365,46
2024-03-11 20:58:14,4638,4597,427,4565,149,4525,85,4393,46
2024-03-11 21:58:14,4640,4591,538,4571,179,4534,89,4421,44
2024-03-11 22:58:14,4633,4597,439,4565,150,4499,83,4427,43
2024-03-11 23:58:14,4629,4592,334,4586,144,4564,94,4444,48
2024-03-12 00:58:14,4593,4553,458,4542,165,4533,85,4400,41
2024-03-12 01:58:14,4599,4542,612,4533,187,4506,88,4405,45
2024-03-12 02:58:14,4637,4561,450,4569,169,4529,75,4407,40
2024-03-12 03:58:14,4657,4553,365,4570,143,4534,82,4455,40
2024-03-12 04:58:14,4637,4578,533,4552,184,4523,81,4448,47
2024-03-12 05:58:14,4651,4607,641,4561,195,4561,83,4485,46
2024-03-12 06:58:14,4660,4599,470,4543,165,4561,96,4478,45
2024-03-12 07:58:14,4658,4619,507,4543,154,4544,89,4475,45
2024-03-12 08:58:14,4693,4613,594,4596,190,4588,98,4510,45
2024-03-12 09:58:14,4679,4603,475,4596,169,4576,83,4509,38
2024-03-12 10:58:14,4670,4639,427,4579,161,4567,96,4478,44
2024-03-12 11:58:14,4685,4646,558,4606,188,4571,96,4557,45
2024-03-12 12:58:14,4678,4635,633,4598,214,4539,91,4555,45
2024-03-12 13:58:14,4670,4631,480,4597,184,4530,76,4519,36
2024-03-12 14:58:14,4667,4619,359,4630,154,4566,81,4530,37
2024-03-12 15:58:14,4588,4509,473,4507,171,4474,84,4417,39
2024-03-12 16:58:14,4669,4578,624,4579,175,4545,86,4503,40
2024-03-12 17:58:14,4701,4538,487,4624,157,4590,88,4556,38
2024-03-12 18:58:14,4701,4626,339,4619,134,4580,73,4555,33
2024-03-12 19:58:14,4680,4633,510,4598,154,4571,73,4520,32
2024-03-12 20:58:14,4707,4666,594,4604,177,4627,80,4562,39
2024-03-12 21:58:14,4716,4642,385,4538,147,4626,82,4566,38
2024-03-12 22:58:14,4705,4655,442,4611,133,4602,77,4550,33
2024-03-12 23:58:14,4718,4670,575,4657,179,4625,84,4549,38
2024-03-13 00:58:14,4715,4661,463,4658,168,4614,66,4519,35
2024-03-13 01:58:14,4709,4683,340,4625,127,4609,78,4514,35
2024-03-13 02:58:14,4703,4652,467,4646,151,4592,76,4548,38
2024-03-13 03:58:14,4720,4667,630,4669,158,4531,77,4581,43
2024-03-13 04:58:14,4701,4633,480,4629,141,4590,65,4542,41
2024-03-13 05:58:14,4711,4660,388,4669,146,4627,85,4566,41
2024-03-13 06:58:14,4723,4636,528,4644,168,4641,93,4572,44
2024-03-13 07:58:14,4731,4670,639,4643,190,4607,78,4579,38
2024-03-13 08:58:14,4772,4689,454,4656,147,4655,77,4624,40
2024-03-13 09:58:14,4764,4666,494,4643,128,4638,75,4594,41
2024-03-13 10:58:14,4750,4698,639,4613,151,4616,77,4583,37
2024-03-13 11:58:14,4782,4720,516,4665,131,4672,61,4620,34
2024-03-13 12:58:14,4743,4664,356,4637,119,4614,64,4573,31
2024-03-13 13:58:14,4784,4710,510,4657,166,4636,71,4594,35
2024-03-13 14:58:14,4872,4680,582,4709,176,4641,67,4593,34
2024-03-13 15:58:14,4913,4728,507,4713,151,4663,54,4522,32
2024-03-13 16:58:14,4973,4817,504,4705,129,4641,59,4610,30
2024-03-13 17:58:14,4945,4832,656,4691,191,4641,71,4609,37
2024-03-13 18:58:14,4961,4917,755,4672,177,4659,70,4636,39
2024-03-13 19:58:14,4971,4881,569,4725,177,4669,77,4615,37
2024-03-13 20:58:14,4971,4923,436,4813,182,4717,74,4647,35
2024-03-13 21:58:14,4963,4922,631,4852,227,4697,81,4644,35
2024-03-13 22:58:14,4975,4927,676,4931,245,4702,86,4644,38
2024-03-13 23:58:14,4976,4925,498,4888,183,4721,97,4675,33
2024-03-14 00:58:14,4936,4896,546,4880,168,4644,80,4610,34
2024-03-14 01:58:14,4966,4915,668,4908,231,4706,99,4630,34
2024-03-14 02:58:14,4877,4799,563,4809,193,4707,90,4545,32
2024-03-14 03:58:14,4977,4931,490,4899,178,4839,107,4640,31
2024-03-14 04:58:14,4986,4854,590,4922,215,4919,109,4625,32
2024-03-14 05:58:14,5020,4946,726,4913,242,4866,109,4649,33
2024-03-14 06:58:14,4999,4932,632,4872,176,4879,89,4627,29
2024-03-14 07:58:14,4988,4950,581,4891,175,4868,100,4615,31
2024-03-14 08:58:14,5029,4939,666,4813,223,4888,103,4692,37
2024-03-14 09:58:14,5046,4934,685,4913,233,4893,106,4692,41
2024-03-14 10:58:14,5042,4936,596,4912,191,4898,101,4671,38
2024-03-14 11:58:14,5029,4965,612,4935,184,4879,97,4680,42
2024-03-14 12:58:14,5044,5004,727,4925,238,4842,94,4654,38
2024-03-14 13:58:14,5042,4977,714,4909,254,4872,96,4688,47
2024-03-14 14:58:14,5042,4979,568,4920,199,4787,103,4778,48
2024-03-14 15:58:14,5042,4997,597,4950,228,4878,108,4808,50
2024-03-14 16:58:14,5047,5005,694,4989,261,4892,115,4883,53
2024-03-14 17:58:14,5024,4982,579,4952,190,4905,87,4817,48
2024-03-14 18:58:14,5035,5003,488,4966,189,4900,106,4856,47
2024-03-14 19:58:14,5080,4993,615,5001,233,4924,114,4897,48
2024-03-14 20:58:14,5043,4971,685,4960,249,4896,115,4848,46
2024-03-14 21:58:14,5080,5039,632,4995,195,4966,106,4874,43
2024-03-14 22:58:14,5088,5018,560,5010,187,5002,112,4897,45
2024-03-14 23:58:14,5082,5039,641,4982,237,4985,110,4888,46
2024-03-15 00:58:14,5086,5052,770,5004,255,4985,109,4844,45
2024-03-15 01:58:14,5063,5030,638,5012,219,4969,120,4863,41
2024-03-15 02:58:14,5076,5051,648,5000,219,4983,123,4785,45
2024-03-15 03:58:14,5062,5013,737,5017,275,4974,126,4870,50
2024-03-15 04:58:14,5070,5029,726,5031,237,4981,104,4888,47
2024-03-15 05:58:14,5068,5021,630,5023,229,4960,124,4919,46
2024-03-15 06:58:14,4799,4735,649,4755,303,4707,123,4643,45
2024-03-15 07:58:14,5097,5031,794,5021,330,5030,128,4914,48
2024-03-15 08:58:14,5076,4759,597,5015,236,4982,100,4902,45
2024-03-15 09:58:14,5079,5040,668,5010,210,5016,118,4942,40
2024-03-15 10:58:14,5073,5034,804,4993,254,5021,123,4979,48
2024-03-15 11:58:14,5077,5039,843,5006,284,5018,120,4953,46
2024-03-15 12:58:14,5088,5032,688,4760,219,5026,126,4962,48
2024-03-15 13:58:14,5054,4986,537,4992,214,4955,117,4931,45
2024-03-15 14:58:14,5086,5006,653,5007,250,4997,116,4963,45
2024-03-15 15:58:14,5112,5002,710,5031,244,5002,112,4973,48
2024-03-15 16:58:14,5095,5024,629,5000,215,4981,125,4959,46
2024-03-15 17:58:14,5112,5071,520,5022,217,5004,135,4953,48
2024-03-15 18:58:14,5134,5065,631,5039,252,4770,125,4993,48
2024-03-15 19:58:14,5118,5073,698,5000,260,5035,130,5017,50
2024-03-15 20:58:14,5113,5079,594,5036,226,5023,136,4982,53
2024-03-15 21:58:14,5120,5075,602,5079,223,5031,138,5017,55
2024-03-15 22:58:14,5119,5086,731,5053,260,5025,146,5024,58
2024-03-15 23:58:14,5112,5073,614,5064,237,5022,138,5017,59
2024-03-16 00:58:14,5126,5089,505,5090,244,5033,151,5035,67
2024-03-16 01:58:14,5101,5033,614,5051,243,4978,147,4985,65
2024-03-16 02:58:14,5137,5098,723,5092,254,5046,150,5027,67
2024-03-16 03:58:14,5135,5082,666,5071,208,5074,131,5003,60
2024-03-16 04:58:14,5139,5101,582,5078,195,5045,137,4996,71
2024-03-16 05:58:14,5127,5091,685,5042,234,5058,142,4995,80
2024-03-16 06:58:14,5139,5093,754,5073,243,5068,143,4752,77
2024-03-16 07:58:14,5138,5082,637,5068,222,5056,141,5022,75
2024-03-16 08:58:14,5121,5079,581,5070,204,5052,135,4999,78
2024-03-16 09:58:14,5152,5035,719,5096,243,5071,132,5030,78
2024-03-16 10:58:14,5129,5068,773,5074,254,5052,134,4997,80
2024-03-16 11:58:14,5144,5112,728,5080,215,5038,134,5015,77
2024-03-16 12:58:14,5152,5105,739,5098,221,5074,130,5019,81
2024-03-16 13:58:14,5055,5019,765,4935,249,4980,129,4899,74
2024-03-16 14:58:14,5116,5080,627,5045,230,5053,123,5000,76
2024-03-16 15:58:14,5130,5014,484,5088,210,5066,137,5038,74
2024-03-16 16:58:14,5121,5053,605,5053,231,5047,140,5000,76
2024-03-16 17:58:14,5152,5085,734,5075,244,5055,140,5027,78
2024-03-16 18:58:14,5148,5068,657,5068,186,5055,124,5034,72
2024-03-16 19:58:14,5123,5075,572,4973,181,4960,128,5002,75
2024-03-16 20:58:14,5158,5103,644,5054,215,5032,123,5033,74
2024-03-16 21:58:14,5161,5082,679,5075,230,5066,127,5021,70
2024-03-16 22:58:14,5144,5094,618,5044,187,5034,122,5012,64
2024-03-16 23:58:14,5154,5107,550,5083,181,5053,123,4990,69
2024-03-17 00:58:14,5149,5084,676,5079,241,5049,119,5017,69
2024-03-17 01:58:14,5156,5103,755,5064,250,4977,119,5024,70
2024-03-17 02:58:14,5130,5075,575,5063,196,5005,110,5012,61
2024-03-17 03:58:14,5166,5108,620,5099,202,5057,114,5047,63
2024-03-17 04:58:14,5156,5074,724,5068,228,5035,113,5036,67
2024-03-17 05:58:14,5163,5118,641,5091,195,5068,101,5036,59
2024-03-17 06:58:14,5173,5099,550,5098,180,5081,113,5054,61
2024-03-17 07:58:14,5181,5136,643,5113,214,5068,112,4991,61
2024-03-17 08:58:14,5156,5111,763,5061,242,5073,113,5022,61
2024-03-17 09:58:14,5161,5108,635,5112,214,5085,109,5051,59
2024-03-17 10:58:14,5173,5104,564,5094,202,5082,113,5053,65
2024-03-17 11:58:14,5163,5111,626,5112,226,5087,114,5053,63
2024-03-17 12:58:14,5168,5119,806,5115,244,5091,122,5052,63
2024-03-17 13:58:14,5193,5138,603,5131,202,5113,115,4986,55
2024-03-17 14:58:14,5178,5131,492,5099,209,5074,115,5029,61
2024-03-17 15:58:14,5176,5141,627,5109,237,5106,114,5042,62
2024-03-17 16:58:14,5185,5148,748,5122,249,5088,116,5037,63
2024-03-17 17:58:14,5145,5090,577,5057,171,5059,110,5022,56
2024-03-17 18:58:14,5171,5134,562,5097,184,5080,117,5055,60
2024-03-17 19:58:14,5150,5060,695,5094,229,5053,113,5008,60
2024-03-17 20:58:14,5190,5120,582,5120,187,5083,102,5079,58
2024-03-17 21:58:14,5195,5109,458,5114,179,5106,110,5085,61
2024-03-17 22:58:14,5202,5155,606,5143,218,5115,112,5070,64
2024-03-17 23:58:14,5198,5153,701,5089,229,5109,113,5083,65
2024-03-18 00:58:14,5199,5162,646,5125,190,5115,95,5086,60
2024-03-18 01:58:14,5191,5153,539,5094,177,5123,112,5087,64
2024-03-18 02:58:14,5197,5151,657,5141,223,5115,111,5064,61
2024-03-18 03:58:14,5188,5142,748,5129,223,5103,110,5099,61
2024-03-18 04:58:14,5186,5148,633,5139,193,5118,106,5074,53
2024-03-18 05:58:14,5204,5154,617,5153,183,5088,112,5119,60
2024-03-18 06:58:14,5204,5154,728,5156,239,5118,112,5107,61
2024-03-18 07:58:14,5222,5153,653,5140,203,5098,93,5098,50
2024-03-18 08:58:14,5268,5159,523,5146,198,5132,108,5080,51
2024-03-18 09:58:14,5200,5100,586,5060,225,5059,102,5024,49
2024-03-18 10:58:14,5285,5200,797,5120,240,5138,118,5096,55
2024-03-18 11:58:14,5282,5153,701,5124,190,5127,102,5088,52
2024-03-18 12:58:14,5286,5230,615,5146,168,5130,113,5103,49
2024-03-18 13:58:14,5285,5226,675,5158,209,5117,115,5118,55
2024-03-18 14:58:14,5276,5220,736,5179,225,5114,117,5083,54
2024-03-18 15:58:14,5288,5237,615,5136,173,5113,108,5082,50
2024-03-18 16:58:14,5271,5186,497,5174,179,5078,105,5077,54
2024-03-18 17:58:14,5299,5230,675,5206,210,5119,109,5050,55
2024-03-18 18:58:14,5309,5228,730,5229,231,5137,107,5096,57
2024-03-18 19:58:14,5304,5260,623,5234,182,5146,107,5076,54
2024-03-18 20:58:14,5300,5261,642,5201,178,5182,109,5111,55
2024-03-18 21:58:14,5298,5256,716,5228,219,5135,113,5112,57
2024-03-18 22:58:14,5284,5240,599,5198,186,5184,94,5104,50
2024-03-18 23:58:14,5296,5250,498,5241,186,5205,107,5108,54
2024-03-19 00:58:14,5294,5235,611,5252,226,5217,116,5116,62
2024-03-19 01:58:14,5287,5240,715,5231,223,5210,114,5093,61
2024-03-19 02:58:14,5276,5225,654,5224,186,5173,106,5094,57
2024-03-19 03:58:14,5297,5250,607,5242,174,5220,113,5103,61
2024-03-19 04:58:14,5298,5231,666,5232,222,5209,114,5104,59
2024-03-19 05:58:14,5276,5240,801,5224,239,5224,115,5089,60
2024-03-19 06:58:14,5307,5262,684,5251,191,5263,108,5127,56
2024-03-19 07:58:14,5303,5239,562,5249,199,5238,96,5132,57
2024-03-19 08:58:14,5299,5258,698,5217,232,5231,99,5162,56
2024-03-19 09:58:14,5177,5148,739,5124,235,5110,101,5036,59
2024-03-19 10:58:14,5297,5260,664,5237,191,5215,106,5184,56
2024-03-19 11:58:14,5296,5164,642,5224,186,5221,112,5187,60
2024-03-19 12:58:14,5303,5246,749,5252,224,5227,116,5205,61
2024-03-19 13:58:14,5306,5241,696,5252,184,5226,85,5202,45
2024-03-19 14:58:14,5338,5230,547,5238,196,5199,99,5176,49
2024-03-19 15:58:14,5329,5249,627,5138,217,5221,96,5191,47
2024-03-19 16:58:14,5329,5272,749,5215,227,5208,100,5170,47
2024-03-19 17:58:14,5350,5266,637,5235,197,5208,94,5219,48
2024-03-19 18:58:14,5365,5310,543,5243,188,5250,111,5250,48
2024-03-19 19:58:14,5325,5285,663,5232,224,5226,111,5198,46
2024-03-19 20:58:14,5321,5295,788,5259,241,5215,115,5200,47
2024-03-19 21:58:14,5331,5267,700,5253,177,5127,97,5200,40
2024-03-19 22:58:14,5328,5262,603,5272,196,5207,108,5181,43
2024-03-19 23:58:14,5344,5284,649,5289,280,5227,103,5208,47
2024-03-20 00:58:14,5364,5320,735,5324,269,5237,104,5230,51
2024-03-20 01:58:14,5347,5306,676,5280,181,5245,97,5216,41
2024-03-20 02:58:14,5331,5304,530,5261,195,5261,92,5176,53
2024-03-20 03:58:14,5330,5291,653,5267,232,5242,84,5203,51
2024-03-20 04:58:14,5270,5208,745,5220,228,5200,89,5138,57
2024-03-20 05:58:14,5343,5293,692,5297,208,5277,112,5198,52
2024-03-20 06:58:14,5335,5267,646,5296,201,5288,109,5212,59
2024-03-20 07:58:14,5311,5262,771,5264,264,5242,110,5199,56
2024-03-20 08:58:14,5318,5257,780,5250,226,5243,100,5200,56
2024-03-20 09:58:14,5351,5284,681,5289,195,5273,110,5135,52
2024-03-20 10:58:14,5360,5267,713,5263,224,5287,118,5215,59
2024-03-20 11:58:14,5354,5296,752,5277,264,5277,119,5220,57
2024-03-20 12:58:14,5344,5295,653,5251,224,5283,101,5193,52
2024-03-20 13:58:14,5321,5271,544,5223,174,5249,111,5196,51
2024-03-20 14:58:14,5323,5254,630,5220,227,5230,108,5231,50
2024-03-20 15:58:14,5345,5244,694,5265,231,5255,107,5220,46
2024-03-20 16:58:14,5314,5232,628,5243,178,5210,102,5213,42
2024-03-20 17:58:14,5344,5279,552,5275,178,5255,110,5249,50
2024-03-20 18:58:14,5357,5275,665,5265,218,5248,106,5281,50
2024-03-20 19:58:14,5362,5295,779,5246,211,5246,111,5249,48
2024-03-20 20:58:14,5341,5289,664,5242,174,5221,107,5225,44
2024-03-20 21:58:14,5277,5231,588,5213,169,5200,100,5169,51
2024-03-20 22:58:14,5358,5285,701,5265,228,5281,103,5263,54
2024-03-20 23:58:14,5188,5121,765,5109,254,5107,99,5097,52
2024-03-21 00:58:14,5352,5310,639,5290,220,5254,98,5270,49
2024-03-21 01:58:14,5332,5117,611,5284,187,5211,94,5245,53
2024-03-21 02:58:14,5353,5304,800,5279,222,5256,100,5242,52
2024-03-21 03:58:14,5359,5303,890,5289,226,5278,106,5249,53
2024-03-21 04:58:14,5364,5302,794,5304,205,5252,117,5237,52
2024-03-21 05:58:14,5367,5318,689,5134,234,5276,127,5251,54
2024-03-21 06:58:14,5354,5303,830,5295,333,5281,127,5228,56
2024-03-21 07:58:14,5357,5310,905,5295,322,5293,125,5229,56
2024-03-21 08:58:14,5333,5280,756,5278,279,5246,119,5201,55
2024-03-21 09:58:14,5348,5301,735,5295,264,5266,112,5250,56
2024-03-21 10:58:14,5357,5291,873,5298,295,5301,121,5271,57
2024-03-21 11:58:14,5333,5274,866,5289,312,5110,128,5252,54
2024-03-21 12:58:14,5336,5299,719,5281,265,5277,148,5233,51
2024-03-21 13:58:14,5334,5270,638,5285,256,5261,124,5204,45
2024-03-21 14:58:14,5349,5292,744,5271,247,5278,132,5231,48
2024-03-21 15:58:14,5335,5275,667,5253,235,5268,118,5234,46
2024-03-21 16:58:14,5352,5290,572,5287,233,5268,124,5220,50
2024-03-21 17:58:14,5346,5301,618,5262,264,5271,133,5233,47
2024-03-21 18:58:14,5347,5320,725,5273,275,5269,119,5247,46
2024-03-21 19:58:14,5341,5295,715,5263,235,5270,126,5244,44
2024-03-21 20:58:14,5346,5305,620,5280,224,5248,130,5229,50
2024-03-21 21:58:14,5346,5299,762,5296,263,5256,141,5235,52
2024-03-21 22:58:14,5351,5308,827,5313,278,5282,138,5267,53
2024-03-21 23:58:14,5345,5301,716,5305,260,5260,134,5082,50
2024-03-22 00:58:14,5350,5307,648,5309,246,5275,144,5259,65
2024-03-22 01:58:14,5321,5277,762,5269,298,5237,149,5223,66
2024-03-22 02:58:14,5326,5284,827,5271,304,5251,152,5228,64
2024-03-22 03:58:14,5339,5260,757,5280,266,5277,151,5247,65
2024-03-22 04:58:14,5347,5283,637,5284,245,5298,167,5242,67
2024-03-22 05:58:14,5355,5309,804,5294,296,5296,176,5260,66
2024-03-22 06:58:14,5357,5275,877,5299,301,5296,176,5250,69
2024-03-22 07:58:14,5372,5318,747,5279,259,5300,167,5279,71
2024-03-22 08:58:14,5392,5294,822,5286,272,5305,166,5256,71
2024-03-22 09:58:14,5396,5338,916,5295,300,5297,161,5264,73
2024-03-22 10:58:14,5387,5331,747,5266,321,5280,148,5272,72
2024-03-22 11:58:14,5365,5309,606,5273,309,5253,156,5226,69
2024-03-22 12:58:14,5408,5348,715,5290,270,5309,144,5282,73
2024-03-22 13:58:14,5369,5296,808,5304,278,5249,141,5249,73
2024-03-22 14:58:14,5371,5339,722,5314,234,5247,128,5257,69
2024-03-22 15:58:14,5392,5324,610,5332,237,5279,151,5291,76
2024-03-22 16:58:14,5359,5301,734,5303,286,5235,154,5261,79
2024-03-22 17:58:14,5387,5336,864,5298,298,5280,147,5268,79
2024-03-22 18:58:14,5381,5312,718,5328,242,5251,137,5267,77
2024-03-22 19:58:14,5301,5267,623,5228,221,5220,138,5179,80
2024-03-22 20:58:14,5370,5331,743,5287,290,5301,137,5252,76
2024-03-22 21:58:14,5367,5255,746,5315,303,5307,139,5250,79
2024-03-22 22:58:14,5366,5333,725,5296,259,5298,144,5251,71
2024-03-22 23:58:14,5370,5319,581,5328,246,5280,148,5251,76
2024-03-23 00:58:14,5372,5327,801,5314,282,5321,155,5264,74
2024-03-23 01:58:14,5354,5310,853,5230,293,5267,159,5211,78
2024-03-23 02:58:14,5374,5323,728,5326,299,5279,169,5237,69
2024-03-23 03:58:14,5342,5279,748,5280,279,5279,171,5222,74
2024-03-23 04:58:14,5375,5320,844,5324,366,5293,180,5239,77
2024-03-23 05:58:14,5384,5314,743,5336,299,5333,155,5272,72
2024-03-23 06:58:14,5380,5337,650,5328,253,5320,154,5243,72
2024-03-23 07:58:14,5380,5346,747,5310,298,5251,151,5284,77
2024-03-23 08:58:14,5368,5334,825,5306,300,5320,159,5290,78
2024-03-23 09:58:14,5343,5317,751,5271,251,5279,143,5271,76
2024-03-23 10:58:14,5376,5335,625,5328,234,5325,158,5300,77
2024-03-23 11:58:14,5374,5334,712,5339,254,5327,150,5274,74
2024-03-23 12:58:14,5364,5333,829,5326,259,5312,149,5311,76
2024-03-23 13:58:14,5373,5327,720,5342,238,5297,151,5283,70
2024-03-23 14:58:14,5361,5316,572,5314,228,5294,148,5263,71
2024-03-23 15:58:14,5365,5326,711,5314,266,5280,146,5290,71
2024-03-23 16:58:14,5388,5314,806,5326,277,5310,143,5281,71
2024-03-23 17:58:14,5401,5318,693,5318,237,5326,132,5318,70
2024-03-23 18:58:14,5395,5342,697,5322,224,5326,133,5308,69
2024-03-23 19:58:14,5394,5345,798,5327,263,5334,135,5231,62
2024-03-23 20:58:14,5380,5338,798,5307,268,5304,128,5302,63
2024-03-23 21:58:14,5383,5344,585,5305,200,5306,124,5287,60
2024-03-23 22:58:14,5387,5341,642,5333,248,5327,130,5306,66
2024-03-23 23:58:14,5369,5326,765,5326,258,5300,136,5295,66
2024-03-24 00:58:14,5387,5350,696,5347,227,5316,126,5306,70
2024-03-24 01:58:14,5389,5338,588,5351,216,5325,130,5286,68
2024-03-24 02:58:14,5329,5296,723,5284,276,5259,137,5249,73
2024-03-24 03:58:14,5341,5306,816,5295,289,5265,141,5240,71
2024-03-24 04:58:14,5317,5266,753,5279,256,5268,148,5243,67
2024-03-24 05:58:14,5321,5268,679,5271,252,5282,151,5260,71
2024-03-24 06:58:14,5390,5280,781,5351,284,5350,152,5322,71
2024-03-24 07:58:14,5368,5268,908,5331,296,5330,156,5308,74
2024-03-24 08:58:14,5386,5352,781,5284,247,5335,162,5307,66
2024-03-24 09:58:14,5377,5328,703,5300,257,5325,164,5310,76
2024-03-24 10:58:14,5368,5333,784,5260,279,5326,163,5311,74
2024-03-24 11:58:14,5385,5332,841,5277,296,5330,167,5314,78
2024-03-24 12:58:14,5315,5269,707,5277,246,5272,145,5239,72
2024-03-24 13:58:14,5288,5259,611,5236,227,5249,138,5229,78
2024-03-24 14:58:14,5247,5168,698,5204,238,5146,123,5173,73
2024-03-24 15:58:14,5253,5161,674,5194,235,5164,124,5171,75
2024-03-24 16:58:14,5280,5158,546,5223,207,5161,137,5216,78
2024-03-24 17:58:14,5365,5219,606,5313,248,5236,146,5300,82
2024-03-24 18:58:14,5374,5217,728,5245,241,5321,153,5310,86
2024-03-24 19:58:14,5370,5310,716,5216,249,5292,145,5307,85
2024-03-24 20:58:14,5383,5342,647,5208,240,5317,166,5308,92
2024-03-24 21:58:14,5370,5331,742,5200,242,5295,179,5301,92
2024-03-24 22:58:14,5377,5342,790,5218,270,5309,183,5313,96
2024-03-24 23:58:14,5386,5338,730,5319,265,5326,163,5302,88
2024-03-25 00:58:14,5380,5342,656,5335,285,5249,159,5315,89
2024-03-25 01:58:14,5384,5352,820,5334,306,5225,157,5318,86
2024-03-25 02:58:14,5373,5330,842,5334,322,5190,160,5246,88
2024-03-25 03:58:14,5383,5325,757,5311,331,5187,168,5258,87
2024-03-25 04:58:14,5423,5351,671,5343,272,5216,165,5253,92
2024-03-25 05:58:14,5398,5338,783,5327,300,5295,186,5237,92
2024-03-25 06:58:14,5393,5356,864,5318,304,5317,202,5310,89
2024-03-25 07:58:14,5386,5310,735,5309,248,5299,164,5284,87
2024-03-25 08:58:14,5406,5354,771,5325,245,5329,166,5317,90
2024-03-25 09:58:14,5404,5351,822,5333,286,5312,165,5300,86
2024-03-25 10:58:14,5394,5340,738,5333,231,5295,143,5281,82
2024-03-25 11:58:14,5412,5352,611,5324,222,5323,157,5311,83
2024-03-25 12:58:14,5412,5374,721,5340,261,5317,153,5233,81
2024-03-25 13:58:14,5376,5330,788,5304,262,5281,145,5169,75
2024-03-25 14:58:14,5382,5319,680,5307,224,5272,135,5139,72
2024-03-25 15:58:14,5372,5324,631,5282,220,5264,143,5137,71
2024-03-25 16:58:14,5388,5324,745,5313,255,5297,138,5146,71
2024-03-25 17:58:14,5378,5309,797,5298,254,5249,135,5230,78
2024-03-25 18:58:14,5388,5343,743,5313,218,5281,129,5258,84
2024-03-25 19:58:14,5382,5322,615,5321,215,5283,121,5247,82
2024-03-25 20:58:14,5356,5319,721,5297,248,5270,122,5244,75
2024-03-25 21:58:14,5376,5320,739,5308,252,5274,126,5240,77
2024-03-25 22:58:14,5377,5310,669,5332,204,5306,115,5255,70
2024-03-25 23:58:14,5382,5323,583,5317,200,5296,116,5253,66
2024-03-26 00:58:14,5401,5345,773,5345,262,5315,118,5271,63
2024-03-26 01:58:14,5405,5343,805,5333,277,5333,130,5279,65
2024-03-26 02:58:14,5207,5165,670,5125,240,5130,133,5091,60
2024-03-26 03:58:14,5397,5349,682,5333,256,5319,133,5272,65
2024-03-26 04:58:14,5394,5164,752,5325,293,5327,136,5302,68
2024-03-26 05:58:14,5406,5354,695,5339,259,5331,131,5271,66
2024-03-26 06:58:14,5386,5327,694,5336,248,5320,152,5268,64
2024-03-26 07:58:14,5383,5338,774,5320,271,5294,158,5262,68
2024-03-26 08:58:14,5333,5280,784,5083,282,5227,163,5216,70
2024-03-26 09:58:14,5392,5340,702,5320,261,5309,148,5267,63
2024-03-26 10:58:14,5400,5279,635,5321,242,5319,170,5304,66
2024-03-26 11:58:14,5406,5333,746,5351,281,5318,169,5297,65
2024-03-26 12:58:14,5410,5361,830,5350,278,5338,156,5300,64
2024-03-26 13:58:14,5383,5332,725,5315,220,5304,139,5292,62
2024-03-26 14:58:14,5402,5353,592,5262,201,5139,130,5297,60
2024-03-26 15:58:14,5368,5311,690,5289,247,5293,132,5271,58
2024-03-26 16:58:14,5379,5325,816,5323,268,5294,139,5300,63
2024-03-26 17:58:14,5390,5326,676,5336,221,5332,138,5304,66
2024-03-26 18:58:14,5414,5340,566,5356,211,5336,129,5318,78
2024-03-26 19:58:14,5412,5345,729,5334,264,5335,133,5303,84
2024-03-26 20:58:14,5427,5373,804,5359,276,5280,132,5294,83
2024-03-26 21:58:14,5406,5364,582,5311,210,5300,123,5298,74
2024-03-26 22:58:14,5414,5378,608,5325,206,5332,131,5305,79
2024-03-26 23:58:14,5423,5362,780,5334,252,5340,140,5302,82
2024-03-27 00:58:14,5412,5365,736,5352,224,5340,126,5312,74
2024-03-27 01:58:14,5414,5364,616,5364,218,5327,148,5314,77
2024-03-27 02:58:14,5400,5356,689,5357,264,5330,155,5125,77
2024-03-27 03:58:14,5410,5372,804,5352,306,5309,151,5318,78
2024-03-27 04:58:14,5260,5208,693,5210,268,5168,142,5151,76
2024-03-27 05:58:14,5309,5258,593,5260,252,5230,148,5225,81
2024-03-27 06:58:14,5299,5184,725,5244,281,5240,156,5206,79
2024-03-27 07:58:14,5327,5223,867,5288,280,5279,146,5234,74
2024-03-27 08:58:14,5395,5267,804,5337,243,5347,152,5235,70
2024-03-27 09:58:14,5412,5277,678,5354,226,5347,168,5297,76
2024-03-27 10:58:14,5355,5294,861,5188,257,5303,160,5264,79
2024-03-27 11:58:14,5396,5333,954,5231,272,5320,161,5295,82
2024-03-27 12:58:14,5386,5269,773,5228,235,5306,157,5283,73
2024-03-27 13:58:14,5400,5333,636,5230,227,5319,153,5281,80
2024-03-27 14:58:14,5385,5324,774,5285,265,5285,148,5271,84
2024-03-27 15:58:14,5390,5346,777,5301,272,5288,143,5252,81
2024-03-27 16:58:14,5392,5336,631,5249,231,5172,139,5253,74
2024-03-27 17:58:14,5407,5368,582,5308,223,5201,142,5258,77
2024-03-27 18:58:14,5432,5360,748,5343,267,5230,140,5307,77
2024-03-27 19:58:14,5413,5346,762,5342,267,5211,145,5295,79
2024-03-27 20:58:14,5400,5377,665,5322,217,5283,139,5288,74
2024-03-27 21:58:14,5424,5371,666,5364,225,5316,138,5300,86
2024-03-27 22:58:14,5412,5350,777,5344,263,5252,139,5295,84
2024-03-27 23:58:14,5385,5342,704,5323,253,5279,131,5271,83
2024-03-28 00:58:14,5400,5367,568,5369,248,5312,143,5279,86
2024-03-28 01:58:14,5399,5325,660,5345,273,5328,153,5292,90
2024-03-28 02:58:14,5405,5356,760,5346,283,5327,153,5288,88
2024-03-28 03:58:14,5377,5325,689,5337,245,5322,150,5259,80
2024-03-28 04:58:14,5428,5366,627,5367,241,5350,169,5183,79
2024-03-28 05:58:14,5406,5329,744,5335,280,5345,163,5197,81
2024-03-28 06:58:14,5410,5375,873,5351,295,5365,173,5214,83
2024-03-28 07:58:14,5408,5360,783,5347,277,5350,166,5197,78
2024-03-28 08:58:14,5277,5237,633,5232,226,5223,149,5158,74
2024-03-28 09:58:14,5309,5263,834,5214,273,5248,160,5189,82
2024-03-28 10:58:14,5337,5219,775,5282,330,5269,158,5160,82
2024-03-28 11:58:14,5333,5279,666,5265,305,5238,159,5213,81
2024-03-28 12:58:14,5353,5242,587,5249,240,5245,157,5222,93
2024-03-28 13:58:14,5367,5261,747,5252,290,5236,164,5227,90
2024-03-28 14:58:14,5353,5274,805,5170,271,5215,152,5196,87
2024-03-28 15:58:14,5369,5310,708,5240,231,5189,137,5212,77
2024-03-28 16:58:14,5377,5301,677,5224,209,5245,137,5213,78
2024-03-28 17:58:14,5369,5311,770,5243,251,5228,128,5211,72
2024-03-28 18:58:14,5375,5326,767,5280,260,5231,128,5245,72
2024-03-28 19:58:14,5385,5320,594,5302,201,5237,123,5231,72
2024-03-28 20:58:14,5391,5335,570,5298,237,5188,115,5231,70
2024-03-28 21:58:14,5369,5319,749,5296,254,5231,117,5214,65
2024-03-28 22:58:14,5393,5350,679,5326,221,5235,111,5239,62
2024-03-28 23:58:14,5356,5297,599,5284,229,5214,124,5178,71
2024-03-29 00:58:14,5391,5356,739,5328,227,5284,124,5227,67
2024-03-29 01:58:14,5395,5297,807,5317,286,5288,125,5216,66
2024-03-29 02:58:14,5368,5294,711,5288,224,5245,120,5172,57
2024-03-29 03:58:14,5424,5354,669,5327,235,5322,140,5194,60
2024-03-29 04:58:14,5349,5260,731,5281,270,5255,128,5177,59
2024-03-29 05:58:14,5347,5305,871,5244,282,5255,138,5170,64
2024-03-29 06:58:14,5365,5262,860,5293,277,5272,134,5179,61
2024-03-29 07:58:14,5402,5289,787,5317,300,5299,160,5208,64
2024-03-29 08:58:14,5354,5251,797,5232,313,5243,157,5097,55
2024-03-29 09:58:14,5440,5347,966,5348,388,5296,162,5221,64
2024-03-29 10:58:14,5444,5375,864,5287,287,5323,173,5207,57
2024-03-29 11:58:14,5424,5380,729,5278,289,5259,169,5206,62
2024-03-29 12:58:14,5406,5365,834,5282,313,5282,165,5225,60
2024-03-29 13:58:14,5382,5335,850,5278,347,5258,166,5224,62
2024-03-29 14:58:14,5418,5354,728,5336,275,5263,161,5243,60
2024-03-29 15:58:14,5425,5325,619,5366,270,5307,178,5264,71
2024-03-29 16:58:14,5425,5379,806,5369,312,5251,157,5265,70
2024-03-29 17:58:14,5436,5393,901,5364,328,5268,170,5269,72
2024-03-29 18:58:14,5440,5373,761,5359,271,5290,150,5273,72
2024-03-29 19:58:14,5437,5392,711,5322,259,5316,166,5276,77
2024-03-29 20:58:14,5456,5404,855,5395,315,5355,158,5297,83
2024-03-29 21:58:14,5453,5411,877,5399,341,5383,175,5284,77
2024-03-29 22:58:14,5430,5396,735,5367,290,5361,180,5284,87
2024-03-29 23:58:14,5440,5399,707,5389,317,5369,178,5255,88
2024-03-30 00:58:14,5432,5388,801,5380,345,5356,184,5282,86
2024-03-30 01:58:14,5433,5390,823,5385,309,5310,177,5292,83
2024-03-30 02:58:14,5448,5388,699,5400,276,5380,196,5269,77
2024-03-30 03:58:14,5437,5383,735,5385,315,5371,202,5302,88
2024-03-30 04:58:14,5347,5309,837,5288,334,5277,197,5151,80
2024-03-30 05:58:14,5406,5347,777,5350,295,5340,194,5216,77
2024-03-30 06:58:14,5446,5340,663,5378,278,5378,181,5275,81
2024-03-30 07:58:14,5437,5354,774,5383,304,5387,178,5300,85
2024-03-30 08:58:14,5433,5378,819,5377,312,5368,162,5312,73
2024-03-30 09:58:14,5475,5399,798,5381,281,5386,165,5357,83
2024-03-30 10:58:14,5471,5402,678,5328,270,5381,165,5364,88
2024-03-30 11:58:14,5464,5423,860,5345,310,5369,163,5347,88
2024-03-30 12:58:14,5460,5408,898,5374,311,5357,167,5334,84
2024-03-30 13:58:14,5477,5419,856,5388,276,5377,160,5307,82
2024-03-30 14:58:14,5481,5414,715,5401,248,5393,154,5373,86
2024-03-30 15:58:14,5452,5418,817,5405,305,5352,144,5355,84
2024-03-30 16:58:14,5431,5397,901,5373,312,5280,141,5323,79
2024-03-30 17:58:14,5480,5414,786,5413,265,5342,141,5368,80
2024-03-30 18:58:14,5496,5403,681,5408,259,5392,138,5378,76
2024-03-30 19:58:14,5482,5423,814,5422,297,5371,141,5371,71
2024-03-30 20:58:14,5506,5462,875,5439,302,5399,132,5398,68
2024-03-30 21:58:14,5487,5416,764,5400,244,5412,142,5376,63
2024-03-30 22:58:14,5497,5459,611,5394,232,5412,126,5373,55
2024-03-30 23:58:14,5497,5434,790,5429,299,5417,126,5381,58
2024-03-31 00:58:14,5485,5442,913,5434,308,5395,131,5357,58
2024-03-31 01:58:14,5504,5473,791,5425,266,5438,138,5377,53
2024-03-31 02:58:14,5505,5441,768,5454,274,5424,135,5385,57
2024-03-31 03:58:14,5430,5393,918,5352,344,5338,136,5297,51
2024-03-31 04:58:14,5497,5452,986,5436,375,5386,144,5298,55
2024-03-31 05:58:14,5513,5373,800,5462,314,5426,154,5342,63
2024-03-31 06:58:14,5510,5457,820,5433,350,5437,159,5374,62
2024-03-31 07:58:14,5505,5464,895,5454,391,5408,170,5367,62
2024-03-31 08:58:14,5521,5469,869,5464,340,5453,156,5384,55
2024-03-31 09:58:14,5499,5458,673,5354,269,5407,178,5395,60
2024-03-31 10:58:14,5475,5429,724,5403,311,5403,172,5359,59
2024-03-31 11:58:14,5528,5465,832,5478,326,5464,170,5412,58
2024-03-31 12:58:14,5516,5470,781,5457,272,5426,159,5390,56
2024-03-31 13:58:14,5488,5454,677,5439,253,5432,160,5399,64
2024-03-31 14:58:14,5495,5456,787,5449,288,5432,153,5401,62
2024-03-31 15:58:14,5469,5408,821,5406,310,5313,146,5355,66
2024-03-31 16:58:14,5473,5396,782,5419,276,5396,151,5339,62
2024-03-31 17:58:14,5501,5435,723,5443,283,5431,160,5386,73
2024-03-31 18:58:14,5484,5422,859,5414,319,5406,155,5386,72
2024-03-31 19:58:14,5482,5441,933,5384,344,5403,156,5358,76
2024-03-31 20:58:14,5495,5452,845,5387,311,5417,166,5403,71
2024-03-31 21:58:14,5476,5436,690,5396,300,5392,167,5366,75
2024-03-31 22:58:14,5495,5465,903,5418,336,5415,180,5395,79
2024-03-31 23:58:14,5493,5444,921,5439,367,5415,184,5402,80
